"File","Url","Title","TitleLen","MetaDescription","MetaDescLen","Canonical","H1","WordCount","MissingTitle","MissingMetaDescription","MissingCanonical","MissingH1","MetaDescTooShort","MetaDescTooLong"
"C:\Users\don_s\Desktop\Iowa Gutter Guards Site\index.html","https://iowagutterguards.online/","Iowa Gutter Guards | Gutter Guards in Central Iowa","50","Iowa Gutter Guards installs premium gutter protection on homes across Central Iowa communities like Ankeny, Altoona, Waukee, and more. Keep your gutters clean, protect your home, and stop climbing ladders.","205",,"Stop cleaning gutters. Protect your home.","1578","False","False","True","False","False","True"
"C:\Users\don_s\Desktop\Iowa Gutter Guards Site\city-template.html","https://iowagutterguards.online/city-template.html","","0",,"0",,"","1","True","True","True","True","False","False"
"C:\Users\don_s\Desktop\Iowa Gutter Guards Site\customer-service\index.html","https://iowagutterguards.online/customer-service/","Customer Service | Iowa Gutter Guards","37",,"0",,"Customer Service","37","False","True","True","False","False","False"
"C:\Users\don_s\Desktop\Iowa Gutter Guards Site\privacy-policy\index.html","https://iowagutterguards.online/privacy-policy/","Privacy Policy | Iowa Gutter Guards","35",,"0",,"Privacy Policy","161","False","True","True","False","False","False"
"C:\Users\don_s\Desktop\Iowa Gutter Guards Site\service-areas\adel-ia\index.html","https://iowagutterguards.online/service-areas/adel-ia/","Gutter Guards in Adel, IA | Iowa Gutter Guards","46","Professional gutter guard installation in Adel, Iowa. Stop clogs, reduce overflow, and protect your home. Get a fast online quote from Iowa Gutter Guards.","154","https://iowagutterguards.online/service-areas/adel-ia/","Gutter Guards in Adel, IA","1616","False","False","False","False","False","False"
"C:\Users\don_s\Desktop\Iowa Gutter Guards Site\service-areas\altoona-ia\index.html","https://iowagutterguards.online/service-areas/altoona-ia/","Gutter Guards in Altoona, IA | Iowa Gutter Guards","49","Professional gutter guard installation in Altoona, Iowa. Stop clogs, reduce overflow, and protect your home. Get a fast online quote from Iowa Gutter Guards.","157","https://iowagutterguards.online/service-areas/altoona-ia/","Gutter Guards in Altoona, IA","1616","False","False","False","False","False","False"
"C:\Users\don_s\Desktop\Iowa Gutter Guards Site\service-areas\ames-ia\index.html","https://iowagutterguards.online/service-areas/ames-ia/","Gutter Guards in Ames, IA | Iowa Gutter Guards","46","Professional gutter guard installation in Ames, Iowa. Stop clogs, reduce overflow, and protect your home. Get a fast online quote from Iowa Gutter Guards.","154","https://iowagutterguards.online/service-areas/ames-ia/","Gutter Guards in Ames, IA","1616","False","False","False","False","False","False"
"C:\Users\don_s\Desktop\Iowa Gutter Guards Site\service-areas\ankeny-ia\index.html","https://iowagutterguards.online/service-areas/ankeny-ia/","Gutter Guards in Ankeny, IA | Iowa Gutter Guards","48","Professional gutter guard installation in Ankeny, Iowa. Stop clogs, reduce overflow, and protect your home. Get a fast online quote from Iowa Gutter Guards.","156","https://iowagutterguards.online/service-areas/ankeny-ia/","Gutter Guards in Ankeny, IA","1616","False","False","False","False","False","False"
"C:\Users\don_s\Desktop\Iowa Gutter Guards Site\service-areas\baxter-ia\index.html","https://iowagutterguards.online/service-areas/baxter-ia/","Gutter Guards in Baxter, IA | Iowa Gutter Guards","48","Professional gutter guard installation in Baxter, Iowa. Stop clogs, reduce overflow, and protect your home. Get a fast online quote from Iowa Gutter Guards.","156","https://iowagutterguards.online/service-areas/baxter-ia/","Gutter Guards in Baxter, IA","1616","False","False","False","False","False","False"
"C:\Users\don_s\Desktop\Iowa Gutter Guards Site\service-areas\belle-plaine-ia\index.html","https://iowagutterguards.online/service-areas/belle-plaine-ia/","Gutter Guards in Belle Plaine, IA | Iowa Gutter Guards","54","Professional gutter guard installation in Belle Plaine, Iowa. Stop clogs, reduce overflow, and protect your home. Get a fast online quote from Iowa Gutter Guards.","162","https://iowagutterguards.online/service-areas/belle-plaine-ia/","Gutter Guards in Belle Plaine, IA","1619","False","False","False","False","False","True"
"C:\Users\don_s\Desktop\Iowa Gutter Guards Site\service-areas\bondurant-ia\index.html","https://iowagutterguards.online/service-areas/bondurant-ia/","Gutter Guards in Bondurant, IA | Iowa Gutter Guards","51","Professional gutter guard installation in Bondurant, Iowa. Stop clogs, reduce overflow, and protect your home. Get a fast online quote from Iowa Gutter Guards.","159","https://iowagutterguards.online/service-areas/bondurant-ia/","Gutter Guards in Bondurant, IA","1616","False","False","False","False","False","False"
"C:\Users\don_s\Desktop\Iowa Gutter Guards Site\service-areas\boone-ia\index.html","https://iowagutterguards.online/service-areas/boone-ia/","Gutter Guards in Boone, IA | Iowa Gutter Guards","47","Professional gutter guard installation in Boone, Iowa. Stop clogs, reduce overflow, and protect your home. Get a fast online quote from Iowa Gutter Guards.","155","https://iowagutterguards.online/service-areas/boone-ia/","Gutter Guards in Boone, IA","1616","False","False","False","False","False","False"
"C:\Users\don_s\Desktop\Iowa Gutter Guards Site\service-areas\carlisle-ia\index.html","https://iowagutterguards.online/service-areas/carlisle-ia/","Gutter Guards in Carlisle, IA | Iowa Gutter Guards","50","Professional gutter guard installation in Carlisle, Iowa. Stop clogs, reduce overflow, and protect your home. Get a fast online quote from Iowa Gutter Guards.","158","https://iowagutterguards.online/service-areas/carlisle-ia/","Gutter Guards in Carlisle, IA","1616","False","False","False","False","False","False"
"C:\Users\don_s\Desktop\Iowa Gutter Guards Site\service-areas\chariton-ia\index.html","https://iowagutterguards.online/service-areas/chariton-ia/","Gutter Guards in Chariton, IA | Iowa Gutter Guards","50","Professional gutter guard installation in Chariton, Iowa. Stop clogs, reduce overflow, and protect your home. Get a fast online quote from Iowa Gutter Guards.","158","https://iowagutterguards.online/service-areas/chariton-ia/","Gutter Guards in Chariton, IA","1616","False","False","False","False","False","False"
"C:\Users\don_s\Desktop\Iowa Gutter Guards Site\service-areas\clive-ia\index.html","https://iowagutterguards.online/service-areas/clive-ia/","Gutter Guards in Clive, IA | Iowa Gutter Guards","47","Professional gutter guard installation in Clive, Iowa. Stop clogs, reduce overflow, and protect your home. Get a fast online quote from Iowa Gutter Guards.","155","https://iowagutterguards.online/service-areas/clive-ia/","Gutter Guards in Clive, IA","1616","False","False","False","False","False","False"
"C:\Users\don_s\Desktop\Iowa Gutter Guards Site\service-areas\colfax-ia\index.html","https://iowagutterguards.online/service-areas/colfax-ia/","Gutter Guards in Colfax, IA | Iowa Gutter Guards","48","Professional gutter guard installation in Colfax, Iowa. Stop clogs, reduce overflow, and protect your home. Get a fast online quote from Iowa Gutter Guards.","156","https://iowagutterguards.online/service-areas/colfax-ia/","Gutter Guards in Colfax, IA","1616","False","False","False","False","False","False"
"C:\Users\don_s\Desktop\Iowa Gutter Guards Site\service-areas\corydon-ia\index.html","https://iowagutterguards.online/service-areas/corydon-ia/","Gutter Guards in Corydon, IA | Iowa Gutter Guards","49","Professional gutter guard installation in Corydon, Iowa. Stop clogs, reduce overflow, and protect your home. Get a fast online quote from Iowa Gutter Guards.","157","https://iowagutterguards.online/service-areas/corydon-ia/","Gutter Guards in Corydon, IA","1616","False","False","False","False","False","False"
"C:\Users\don_s\Desktop\Iowa Gutter Guards Site\service-areas\dallas-center-ia\index.html","https://iowagutterguards.online/service-areas/dallas-center-ia/","Gutter Guards in Dallas Center, IA | Iowa Gutter Guards","55","Professional gutter guard installation in Dallas Center, Iowa. Stop clogs, reduce overflow, and protect your home. Get a fast online quote from Iowa Gutter Guards.","163","https://iowagutterguards.online/service-areas/dallas-center-ia/","Gutter Guards in Dallas Center, IA","1619","False","False","False","False","False","True"
"C:\Users\don_s\Desktop\Iowa Gutter Guards Site\service-areas\des-moines-ia\index.html","https://iowagutterguards.online/service-areas/des-moines-ia/","Gutter Guards in Des Moines, IA | Iowa Gutter Guards","52","Professional gutter guard installation in Des Moines, Iowa. Stop clogs, reduce overflow, and protect your home. Get a fast online quote from Iowa Gutter Guards.","160","https://iowagutterguards.online/service-areas/des-moines-ia/","Gutter Guards in Des Moines, IA","1619","False","False","False","False","False","False"
"C:\Users\don_s\Desktop\Iowa Gutter Guards Site\service-areas\earlham-ia\index.html","https://iowagutterguards.online/service-areas/earlham-ia/","Gutter Guards in Earlham, IA | Iowa Gutter Guards","49","Professional gutter guard installation in Earlham, Iowa. Stop clogs, reduce overflow, and protect your home. Get a fast online quote from Iowa Gutter Guards.","157","https://iowagutterguards.online/service-areas/earlham-ia/","Gutter Guards in Earlham, IA","1616","False","False","False","False","False","False"
"C:\Users\don_s\Desktop\Iowa Gutter Guards Site\service-areas\eldora-ia\index.html","https://iowagutterguards.online/service-areas/eldora-ia/","Gutter Guards in Eldora, IA | Iowa Gutter Guards","48","Professional gutter guard installation in Eldora, Iowa. Stop clogs, reduce overflow, and protect your home. Get a fast online quote from Iowa Gutter Guards.","156","https://iowagutterguards.online/service-areas/eldora-ia/","Gutter Guards in Eldora, IA","1616","False","False","False","False","False","False"
"C:\Users\don_s\Desktop\Iowa Gutter Guards Site\service-areas\greenfield-ia\index.html","https://iowagutterguards.online/service-areas/greenfield-ia/","Gutter Guards in Greenfield, IA | Iowa Gutter Guards","52","Professional gutter guard installation in Greenfield, Iowa. Stop clogs, reduce overflow, and protect your home. Get a fast online quote from Iowa Gutter Guards.","160","https://iowagutterguards.online/service-areas/greenfield-ia/","Gutter Guards in Greenfield, IA","1616","False","False","False","False","False","False"
"C:\Users\don_s\Desktop\Iowa Gutter Guards Site\service-areas\grimes-ia\index.html","https://iowagutterguards.online/service-areas/grimes-ia/","Gutter Guards in Grimes, IA | Iowa Gutter Guards","48","Professional gutter guard installation in Grimes, Iowa. Stop clogs, reduce overflow, and protect your home. Get a fast online quote from Iowa Gutter Guards.","156","https://iowagutterguards.online/service-areas/grimes-ia/","Gutter Guards in Grimes, IA","1616","False","False","False","False","False","False"
"C:\Users\don_s\Desktop\Iowa Gutter Guards Site\service-areas\grinnell-ia\index.html","https://iowagutterguards.online/service-areas/grinnell-ia/","Gutter Guards in Grinnell, IA | Iowa Gutter Guards","50","Professional gutter guard installation in Grinnell, Iowa. Stop clogs, reduce overflow, and protect your home. Get a fast online quote from Iowa Gutter Guards.","158","https://iowagutterguards.online/service-areas/grinnell-ia/","Gutter Guards in Grinnell, IA","1616","False","False","False","False","False","False"
"C:\Users\don_s\Desktop\Iowa Gutter Guards Site\service-areas\huxley-ia\index.html","https://iowagutterguards.online/service-areas/huxley-ia/","Gutter Guards in Huxley, IA | Iowa Gutter Guards","48","Professional gutter guard installation in Huxley, Iowa. Stop clogs, reduce overflow, and protect your home. Get a fast online quote from Iowa Gutter Guards.","156","https://iowagutterguards.online/service-areas/huxley-ia/","Gutter Guards in Huxley, IA","1616","False","False","False","False","False","False"
"C:\Users\don_s\Desktop\Iowa Gutter Guards Site\service-areas\indianola-ia\index.html","https://iowagutterguards.online/service-areas/indianola-ia/","Gutter Guards in Indianola, IA | Iowa Gutter Guards","51","Professional gutter guard installation in Indianola, Iowa. Stop clogs, reduce overflow, and protect your home. Get a fast online quote from Iowa Gutter Guards.","159","https://iowagutterguards.online/service-areas/indianola-ia/","Gutter Guards in Indianola, IA","1616","False","False","False","False","False","False"
"C:\Users\don_s\Desktop\Iowa Gutter Guards Site\service-areas\jefferson-ia\index.html","https://iowagutterguards.online/service-areas/jefferson-ia/","Gutter Guards in Jefferson, IA | Iowa Gutter Guards","51","Professional gutter guard installation in Jefferson, Iowa. Stop clogs, reduce overflow, and protect your home. Get a fast online quote from Iowa Gutter Guards.","159","https://iowagutterguards.online/service-areas/jefferson-ia/","Gutter Guards in Jefferson, IA","1616","False","False","False","False","False","False"
"C:\Users\don_s\Desktop\Iowa Gutter Guards Site\service-areas\johnston-ia\index.html","https://iowagutterguards.online/service-areas/johnston-ia/","Gutter Guards in Johnston, IA | Iowa Gutter Guards","50","Professional gutter guard installation in Johnston, Iowa. Stop clogs, reduce overflow, and protect your home. Get a fast online quote from Iowa Gutter Guards.","158","https://iowagutterguards.online/service-areas/johnston-ia/","Gutter Guards in Johnston, IA","1616","False","False","False","False","False","False"
"C:\Users\don_s\Desktop\Iowa Gutter Guards Site\service-areas\knoxville-ia\index.html","https://iowagutterguards.online/service-areas/knoxville-ia/","Gutter Guards in Knoxville, IA | Iowa Gutter Guards","51","Professional gutter guard installation in Knoxville, Iowa. Stop clogs, reduce overflow, and protect your home. Get a fast online quote from Iowa Gutter Guards.","159","https://iowagutterguards.online/service-areas/knoxville-ia/","Gutter Guards in Knoxville, IA","1616","False","False","False","False","False","False"
"C:\Users\don_s\Desktop\Iowa Gutter Guards Site\service-areas\lynnville-ia\index.html","https://iowagutterguards.online/service-areas/lynnville-ia/","Gutter Guards in Lynnville, IA | Iowa Gutter Guards","51","Professional gutter guard installation in Lynnville, Iowa. Stop clogs, reduce overflow, and protect your home. Get a fast online quote from Iowa Gutter Guards.","159","https://iowagutterguards.online/service-areas/lynnville-ia/","Gutter Guards in Lynnville, IA","1616","False","False","False","False","False","False"
"C:\Users\don_s\Desktop\Iowa Gutter Guards Site\service-areas\madrid-ia\index.html","https://iowagutterguards.online/service-areas/madrid-ia/","Gutter Guards in Madrid, IA | Iowa Gutter Guards","48","Professional gutter guard installation in Madrid, Iowa. Stop clogs, reduce overflow, and protect your home. Get a fast online quote from Iowa Gutter Guards.","156","https://iowagutterguards.online/service-areas/madrid-ia/","Gutter Guards in Madrid, IA","1616","False","False","False","False","False","False"
"C:\Users\don_s\Desktop\Iowa Gutter Guards Site\service-areas\marshalltown-ia\index.html","https://iowagutterguards.online/service-areas/marshalltown-ia/","Gutter Guards in Marshalltown, IA | Iowa Gutter Guards","54","Professional gutter guard installation in Marshalltown, Iowa. Stop clogs, reduce overflow, and protect your home. Get a fast online quote from Iowa Gutter Guards.","162","https://iowagutterguards.online/service-areas/marshalltown-ia/","Gutter Guards in Marshalltown, IA","1616","False","False","False","False","False","True"
"C:\Users\don_s\Desktop\Iowa Gutter Guards Site\service-areas\melbourne-ia\index.html","https://iowagutterguards.online/service-areas/melbourne-ia/","Gutter Guards in Melbourne, IA | Iowa Gutter Guards","51","Professional gutter guard installation in Melbourne, Iowa. Stop clogs, reduce overflow, and protect your home. Get a fast online quote from Iowa Gutter Guards.","159","https://iowagutterguards.online/service-areas/melbourne-ia/","Gutter Guards in Melbourne, IA","1616","False","False","False","False","False","False"
"C:\Users\don_s\Desktop\Iowa Gutter Guards Site\service-areas\monroe-ia\index.html","https://iowagutterguards.online/service-areas/monroe-ia/","Gutter Guards in Monroe, IA | Iowa Gutter Guards","48","Professional gutter guard installation in Monroe, Iowa. Stop clogs, reduce overflow, and protect your home. Get a fast online quote from Iowa Gutter Guards.","156","https://iowagutterguards.online/service-areas/monroe-ia/","Gutter Guards in Monroe, IA","1616","False","False","False","False","False","False"
"C:\Users\don_s\Desktop\Iowa Gutter Guards Site\service-areas\nevada-ia\index.html","https://iowagutterguards.online/service-areas/nevada-ia/","Gutter Guards in Nevada, IA | Iowa Gutter Guards","48","Professional gutter guard installation in Nevada, Iowa. Stop clogs, reduce overflow, and protect your home. Get a fast online quote from Iowa Gutter Guards.","156","https://iowagutterguards.online/service-areas/nevada-ia/","Gutter Guards in Nevada, IA","1616","False","False","False","False","False","False"
"C:\Users\don_s\Desktop\Iowa Gutter Guards Site\service-areas\newton-ia\index.html","https://iowagutterguards.online/service-areas/newton-ia/","Gutter Guards in Newton, IA | Iowa Gutter Guards","48","Professional gutter guard installation in Newton, Iowa. Stop clogs, reduce overflow, and protect your home. Get a fast online quote from Iowa Gutter Guards.","156","https://iowagutterguards.online/service-areas/newton-ia/","Gutter Guards in Newton, IA","1616","False","False","False","False","False","False"
"C:\Users\don_s\Desktop\Iowa Gutter Guards Site\service-areas\norwalk-ia\index.html","https://iowagutterguards.online/service-areas/norwalk-ia/","Gutter Guards in Norwalk, IA | Iowa Gutter Guards","49","Professional gutter guard installation in Norwalk, Iowa. Stop clogs, reduce overflow, and protect your home. Get a fast online quote from Iowa Gutter Guards.","157","https://iowagutterguards.online/service-areas/norwalk-ia/","Gutter Guards in Norwalk, IA","1616","False","False","False","False","False","False"
"C:\Users\don_s\Desktop\Iowa Gutter Guards Site\service-areas\osceola-ia\index.html","https://iowagutterguards.online/service-areas/osceola-ia/","Gutter Guards in Osceola, IA | Iowa Gutter Guards","49","Professional gutter guard installation in Osceola, Iowa. Stop clogs, reduce overflow, and protect your home. Get a fast online quote from Iowa Gutter Guards.","157","https://iowagutterguards.online/service-areas/osceola-ia/","Gutter Guards in Osceola, IA","1616","False","False","False","False","False","False"
"C:\Users\don_s\Desktop\Iowa Gutter Guards Site\service-areas\oskaloosa-ia\index.html","https://iowagutterguards.online/service-areas/oskaloosa-ia/","Gutter Guards in Oskaloosa, IA | Iowa Gutter Guards","51","Professional gutter guard installation in Oskaloosa, Iowa. Stop clogs, reduce overflow, and protect your home. Get a fast online quote from Iowa Gutter Guards.","159","https://iowagutterguards.online/service-areas/oskaloosa-ia/","Gutter Guards in Oskaloosa, IA","1616","False","False","False","False","False","False"
"C:\Users\don_s\Desktop\Iowa Gutter Guards Site\service-areas\pella-ia\index.html","https://iowagutterguards.online/service-areas/pella-ia/","Gutter Guards in Pella, IA | Iowa Gutter Guards","47","Professional gutter guard installation in Pella, Iowa. Stop clogs, reduce overflow, and protect your home. Get a fast online quote from Iowa Gutter Guards.","155","https://iowagutterguards.online/service-areas/pella-ia/","Gutter Guards in Pella, IA","1616","False","False","False","False","False","False"
"C:\Users\don_s\Desktop\Iowa Gutter Guards Site\service-areas\perry-ia\index.html","https://iowagutterguards.online/service-areas/perry-ia/","Gutter Guards in Perry, IA | Iowa Gutter Guards","47","Professional gutter guard installation in Perry, Iowa. Stop clogs, reduce overflow, and protect your home. Get a fast online quote from Iowa Gutter Guards.","155","https://iowagutterguards.online/service-areas/perry-ia/","Gutter Guards in Perry, IA","1616","False","False","False","False","False","False"
"C:\Users\don_s\Desktop\Iowa Gutter Guards Site\service-areas\pleasant-hill-ia\index.html","https://iowagutterguards.online/service-areas/pleasant-hill-ia/","Gutter Guards in Pleasant Hill, IA | Iowa Gutter Guards","55","Professional gutter guard installation in Pleasant Hill, Iowa. Stop clogs, reduce overflow, and protect your home. Get a fast online quote from Iowa Gutter Guards.","163","https://iowagutterguards.online/service-areas/pleasant-hill-ia/","Gutter Guards in Pleasant Hill, IA","1619","False","False","False","False","False","True"
"C:\Users\don_s\Desktop\Iowa Gutter Guards Site\service-areas\polk-city-ia\index.html","https://iowagutterguards.online/service-areas/polk-city-ia/","Gutter Guards in Polk City, IA | Iowa Gutter Guards","51","Professional gutter guard installation in Polk City, Iowa. Stop clogs, reduce overflow, and protect your home. Get a fast online quote from Iowa Gutter Guards.","159","https://iowagutterguards.online/service-areas/polk-city-ia/","Gutter Guards in Polk City, IA","1619","False","False","False","False","False","False"
"C:\Users\don_s\Desktop\Iowa Gutter Guards Site\service-areas\prairie-city-ia\index.html","https://iowagutterguards.online/service-areas/prairie-city-ia/","Gutter Guards in Prairie City, IA | Iowa Gutter Guards","54","Professional gutter guard installation in Prairie City, Iowa. Stop clogs, reduce overflow, and protect your home. Get a fast online quote from Iowa Gutter Guards.","162","https://iowagutterguards.online/service-areas/prairie-city-ia/","Gutter Guards in Prairie City, IA","1619","False","False","False","False","False","True"
"C:\Users\don_s\Desktop\Iowa Gutter Guards Site\service-areas\redfield-ia\index.html","https://iowagutterguards.online/service-areas/redfield-ia/","Gutter Guards in Redfield, IA | Iowa Gutter Guards","50","Professional gutter guard installation in Redfield, Iowa. Stop clogs, reduce overflow, and protect your home. Get a fast online quote from Iowa Gutter Guards.","158","https://iowagutterguards.online/service-areas/redfield-ia/","Gutter Guards in Redfield, IA","1616","False","False","False","False","False","False"
"C:\Users\don_s\Desktop\Iowa Gutter Guards Site\service-areas\slater-ia\index.html","https://iowagutterguards.online/service-areas/slater-ia/","Gutter Guards in Slater, IA | Iowa Gutter Guards","48","Professional gutter guard installation in Slater, Iowa. Stop clogs, reduce overflow, and protect your home. Get a fast online quote from Iowa Gutter Guards.","156","https://iowagutterguards.online/service-areas/slater-ia/","Gutter Guards in Slater, IA","1616","False","False","False","False","False","False"
"C:\Users\don_s\Desktop\Iowa Gutter Guards Site\service-areas\story-city-ia\index.html","https://iowagutterguards.online/service-areas/story-city-ia/","Gutter Guards in Story City, IA | Iowa Gutter Guards","52","Professional gutter guard installation in Story City, Iowa. Stop clogs, reduce overflow, and protect your home. Get a fast online quote from Iowa Gutter Guards.","160","https://iowagutterguards.online/service-areas/story-city-ia/","Gutter Guards in Story City, IA","1619","False","False","False","False","False","False"
"C:\Users\don_s\Desktop\Iowa Gutter Guards Site\service-areas\stuart-ia\index.html","https://iowagutterguards.online/service-areas/stuart-ia/","Gutter Guards in Stuart, IA | Iowa Gutter Guards","48","Professional gutter guard installation in Stuart, Iowa. Stop clogs, reduce overflow, and protect your home. Get a fast online quote from Iowa Gutter Guards.","156","https://iowagutterguards.online/service-areas/stuart-ia/","Gutter Guards in Stuart, IA","1616","False","False","False","False","False","False"
"C:\Users\don_s\Desktop\Iowa Gutter Guards Site\service-areas\sully-ia\index.html","https://iowagutterguards.online/service-areas/sully-ia/","Gutter Guards in Sully, IA | Iowa Gutter Guards","47","Professional gutter guard installation in Sully, Iowa. Stop clogs, reduce overflow, and protect your home. Get a fast online quote from Iowa Gutter Guards.","155","https://iowagutterguards.online/service-areas/sully-ia/","Gutter Guards in Sully, IA","1616","False","False","False","False","False","False"
"C:\Users\don_s\Desktop\Iowa Gutter Guards Site\service-areas\urbandale-ia\index.html","https://iowagutterguards.online/service-areas/urbandale-ia/","Gutter Guards in Urbandale, IA | Iowa Gutter Guards","51","Professional gutter guard installation in Urbandale, Iowa. Stop clogs, reduce overflow, and protect your home. Get a fast online quote from Iowa Gutter Guards.","159","https://iowagutterguards.online/service-areas/urbandale-ia/","Gutter Guards in Urbandale, IA","1616","False","False","False","False","False","False"
"C:\Users\don_s\Desktop\Iowa Gutter Guards Site\service-areas\van-meter-ia\index.html","https://iowagutterguards.online/service-areas/van-meter-ia/","Gutter Guards in Van Meter, IA | Iowa Gutter Guards","51","Professional gutter guard installation in Van Meter, Iowa. Stop clogs, reduce overflow, and protect your home. Get a fast online quote from Iowa Gutter Guards.","159","https://iowagutterguards.online/service-areas/van-meter-ia/","Gutter Guards in Van Meter, IA","1619","False","False","False","False","False","False"
"C:\Users\don_s\Desktop\Iowa Gutter Guards Site\service-areas\waukee-ia\index.html","https://iowagutterguards.online/service-areas/waukee-ia/","Gutter Guards in Waukee, IA | Iowa Gutter Guards","48","Professional gutter guard installation in Waukee, Iowa. Stop clogs, reduce overflow, and protect your home. Get a fast online quote from Iowa Gutter Guards.","156","https://iowagutterguards.online/service-areas/waukee-ia/","Gutter Guards in Waukee, IA","1616","False","False","False","False","False","False"
"C:\Users\don_s\Desktop\Iowa Gutter Guards Site\service-areas\west-des-moines-ia\index.html","https://iowagutterguards.online/service-areas/west-des-moines-ia/","Gutter Guards in West Des Moines, IA | Iowa Gutter Guards","57","Professional gutter guard installation in West Des Moines, Iowa. Stop clogs, reduce overflow, and protect your home. Get a fast online quote from Iowa Gutter Guards.","165","https://iowagutterguards.online/service-areas/west-des-moines-ia/","Gutter Guards in West Des Moines, IA","1622","False","False","False","False","False","True"
"C:\Users\don_s\Desktop\Iowa Gutter Guards Site\service-areas\winterset-ia\index.html","https://iowagutterguards.online/service-areas/winterset-ia/","Gutter Guards in Winterset, IA | Iowa Gutter Guards","51","Professional gutter guard installation in Winterset, Iowa. Stop clogs, reduce overflow, and protect your home. Get a fast online quote from Iowa Gutter Guards.","159","https://iowagutterguards.online/service-areas/winterset-ia/","Gutter Guards in Winterset, IA","1616","False","False","False","False","False","False"
"C:\Users\don_s\Desktop\Iowa Gutter Guards Site\terms-of-service\index.html","https://iowagutterguards.online/terms-of-service/","Terms of Service | Iowa Gutter Guards","37",,"0",,"Terms of Service","113","False","True","True","False","False","False"
"C:\Users\don_s\Desktop\Iowa Gutter Guards Site\thank-you\index.html","https://iowagutterguards.online/thank-you/","Thanks - Iowa Gutter Guards","27",,"0",,"Request received","29","False","True","True","False","False","False"
"C:\Users\don_s\Desktop\Iowa Gutter Guards Site\thanks\index.html","https://iowagutterguards.online/thanks/","Thank You | Iowa Gutter Guards","30",,"0",,"Thanks. We got your request.","25","False","True","True","False","False","False"
"C:\Users\don_s\Desktop\Iowa Gutter Guards Site\warranty\index.html","https://iowagutterguards.online/warranty/","Workmanship Warranty | Iowa Gutter Guards","41",,"0",,"2-Year Workmanship Warranty","83","False","True","True","False","False","False"
